route,query,page title,group,role,state,environment,fixture,screenshot path,source revision,device/simulator,WeChat/base-library/tool version,capture time,verification status,missing reason
pages/home/index,,护理,基础与其他现有页面,guest or authenticated user,authenticated synthetic member state,native WeChat DevTools + local/synthetic boundary,Owned disposable fixture cisme_test_25dca6471259d717307ed30c; schema 89; no production data,screenshots/raw/pages__home__index.png,local-worktree:61f895e79ebd+b6073d63231f,WeChat DevTools simulator,AppID wx4eac2d4fb11d299b; base library 3.15.2; wechatide 0.3.9,2026-09-24T09:44:54.562Z,HEALTHY_RUNTIME_FRAME_CAPTURED_REVIEW_OPEN,API/session/runtime health passed; visual interaction and physical-device matrices remain open
pages/records/index,,记录,基础与其他现有页面,authenticated user or member,authenticated synthetic member state,native WeChat DevTools + local/synthetic boundary,Owned disposable fixture cisme_test_25dca6471259d717307ed30c; schema 89; no production data,screenshots/raw/pages__records__index.png,local-worktree:61f895e79ebd+b6073d63231f,WeChat DevTools simulator,AppID wx4eac2d4fb11d299b; base library 3.15.2; wechatide 0.3.9,2026-09-24T09:45:05.062Z,HEALTHY_RUNTIME_FRAME_CAPTURED_REVIEW_OPEN,API/session/runtime health passed; visual interaction and physical-device matrices remain open
pages/community/index,,社区,基础与其他现有页面,guest or authenticated user,healthy public synthetic/default state,native WeChat DevTools + local/synthetic boundary,Owned disposable fixture cisme_test_25dca6471259d717307ed30c; schema 89; no production data,screenshots/raw/pages__community__index.png,local-worktree:61f895e79ebd+b6073d63231f,WeChat DevTools simulator,AppID wx4eac2d4fb11d299b; base library 3.15.2; wechatide 0.3.9,2026-09-24T09:45:15.862Z,HEALTHY_RUNTIME_FRAME_CAPTURED_REVIEW_OPEN,API/session/runtime health passed; visual interaction and physical-device matrices remain open
pages/profile/index,,我的,基础与其他现有页面,authenticated user or member,authenticated synthetic member state,native WeChat DevTools + local/synthetic boundary,Owned disposable fixture cisme_test_25dca6471259d717307ed30c; schema 89; no production data,screenshots/raw/pages__profile__index.png,local-worktree:61f895e79ebd+b6073d63231f,WeChat DevTools simulator,AppID wx4eac2d4fb11d299b; base library 3.15.2; wechatide 0.3.9,2026-09-24T09:45:26.479Z,HEALTHY_RUNTIME_FRAME_CAPTURED_REVIEW_OPEN,API/session/runtime health passed; visual interaction and physical-device matrices remain open
pages/account/index,intent=login,登录,基础与其他现有页面,guest,authenticated local identity continuation state,native WeChat DevTools + local/synthetic boundary,Owned disposable fixture cisme_test_25dca6471259d717307ed30c; schema 89; no production data,screenshots/raw/pages__account__index.png,local-worktree:61f895e79ebd+b6073d63231f,WeChat DevTools simulator,AppID wx4eac2d4fb11d299b; base library 3.15.2; wechatide 0.3.9,2026-09-24T09:45:37.229Z,HEALTHY_RUNTIME_FRAME_CAPTURED_REVIEW_OPEN,API/session/runtime health passed; visual interaction and physical-device matrices remain open
pages/task/index,id=40fdd80c-ccb1-43dd-a4fb-b456f18c2899,投稿邀请,基础与其他现有页面,authenticated user or member,route-specific synthetic success state,native WeChat DevTools + local/synthetic boundary,Owned disposable fixture cisme_test_25dca6471259d717307ed30c; schema 89; no production data,screenshots/raw/pages__task__index.png,local-worktree:61f895e79ebd+b6073d63231f,WeChat DevTools simulator,AppID wx4eac2d4fb11d299b; base library 3.15.2; wechatide 0.3.9,2026-09-24T09:45:47.546Z,HEALTHY_RUNTIME_FRAME_CAPTURED_REVIEW_OPEN,API/session/runtime health passed; visual interaction and physical-device matrices remain open
pages/submit/index,id=c4b01aac-4262-438d-b361-ffba32a1b43a,提交护理故事,基础与其他现有页面,authenticated user or member,route-specific synthetic success state,native WeChat DevTools + local/synthetic boundary,Owned disposable fixture cisme_test_25dca6471259d717307ed30c; schema 89; no production data,screenshots/raw/pages__submit__index.png,local-worktree:61f895e79ebd+b6073d63231f,WeChat DevTools simulator,AppID wx4eac2d4fb11d299b; base library 3.15.2; wechatide 0.3.9,2026-09-24T09:45:58.362Z,HEALTHY_RUNTIME_FRAME_CAPTURED_REVIEW_OPEN,API/session/runtime health passed; visual interaction and physical-device matrices remain open
pages/progress/index,id=c4b01aac-4262-438d-b361-ffba32a1b43a,投稿进度,基础与其他现有页面,authenticated user or member,route-specific synthetic success state,native WeChat DevTools + local/synthetic boundary,Owned disposable fixture cisme_test_25dca6471259d717307ed30c; schema 89; no production data,screenshots/raw/pages__progress__index.png,local-worktree:61f895e79ebd+b6073d63231f,WeChat DevTools simulator,AppID wx4eac2d4fb11d299b; base library 3.15.2; wechatide 0.3.9,2026-09-24T09:46:08.944Z,HEALTHY_RUNTIME_FRAME_CAPTURED_REVIEW_OPEN,API/session/runtime health passed; visual interaction and physical-device matrices remain open
pages/points/index,,积分账,基础与其他现有页面,authenticated user or member,authenticated synthetic member state,native WeChat DevTools + local/synthetic boundary,Owned disposable fixture cisme_test_25dca6471259d717307ed30c; schema 89; no production data,screenshots/raw/pages__points__index.png,local-worktree:61f895e79ebd+b6073d63231f,WeChat DevTools simulator,AppID wx4eac2d4fb11d299b; base library 3.15.2; wechatide 0.3.9,2026-09-24T09:46:19.963Z,HEALTHY_RUNTIME_FRAME_CAPTURED_REVIEW_OPEN,API/session/runtime health passed; visual interaction and physical-device matrices remain open
pages/post/index,id=brand-scalp-ritual,护理故事,基础与其他现有页面,guest or authenticated user,route-specific synthetic success state,native WeChat DevTools + local/synthetic boundary,Owned disposable fixture cisme_test_25dca6471259d717307ed30c; schema 89; no production data,screenshots/raw/pages__post__index.png,local-worktree:61f895e79ebd+b6073d63231f,WeChat DevTools simulator,AppID wx4eac2d4fb11d299b; base library 3.15.2; wechatide 0.3.9,2026-09-24T09:46:30.396Z,HEALTHY_RUNTIME_FRAME_CAPTURED_REVIEW_OPEN,API/session/runtime health passed; visual interaction and physical-device matrices remain open
pages/shop/index,,护理商品,商城用户端,guest or authenticated user,healthy public synthetic/default state,native WeChat DevTools + local/synthetic boundary,Owned disposable fixture cisme_test_25dca6471259d717307ed30c; schema 89; no production data,screenshots/raw/pages__shop__index.png,local-worktree:61f895e79ebd+b6073d63231f,WeChat DevTools simulator,AppID wx4eac2d4fb11d299b; base library 3.15.2; wechatide 0.3.9,2026-09-24T09:46:41.214Z,HEALTHY_RUNTIME_FRAME_CAPTURED_REVIEW_OPEN,API/session/runtime health passed; visual interaction and physical-device matrices remain open
pages/product/index,id=synthetic-acceptance-serum,商品详情,商城用户端,guest or authenticated user,route-specific synthetic success state,native WeChat DevTools + local/synthetic boundary,Owned disposable fixture cisme_test_25dca6471259d717307ed30c; schema 89; no production data,screenshots/raw/pages__product__index.png,local-worktree:61f895e79ebd+b6073d63231f,WeChat DevTools simulator,AppID wx4eac2d4fb11d299b; base library 3.15.2; wechatide 0.3.9,2026-09-24T09:46:51.847Z,HEALTHY_RUNTIME_FRAME_CAPTURED_REVIEW_OPEN,API/session/runtime health passed; visual interaction and physical-device matrices remain open
pages/checkout/index,product=synthetic-acceptance-serum&sku=aba24147-1dba-4a8d-af37-4701b214c7be&quantity=1,,商城订单用户端,authenticated user or member,route-specific synthetic success state,native WeChat DevTools + local/synthetic boundary,Owned disposable fixture cisme_test_25dca6471259d717307ed30c; schema 89; no production data,screenshots/raw/pages__checkout__index.png,local-worktree:61f895e79ebd+b6073d63231f,WeChat DevTools simulator,AppID wx4eac2d4fb11d299b; base library 3.15.2; wechatide 0.3.9,2026-09-24T09:47:02.280Z,HEALTHY_RUNTIME_FRAME_CAPTURED_REVIEW_OPEN,API/session/runtime health passed; visual interaction and physical-device matrices remain open
pages/orders/index,,,商城订单用户端,authenticated user or member,authenticated synthetic member state,native WeChat DevTools + local/synthetic boundary,Owned disposable fixture cisme_test_25dca6471259d717307ed30c; schema 89; no production data,screenshots/raw/pages__orders__index.png,local-worktree:61f895e79ebd+b6073d63231f,WeChat DevTools simulator,AppID wx4eac2d4fb11d299b; base library 3.15.2; wechatide 0.3.9,2026-09-24T09:47:12.561Z,HEALTHY_RUNTIME_FRAME_CAPTURED_REVIEW_OPEN,API/session/runtime health passed; visual interaction and physical-device matrices remain open
pages/order-detail/index,id=80d20e4d-85c9-40d7-ab01-0b5de112bb4c,,商城订单用户端,authenticated user or member,route-specific synthetic success state,native WeChat DevTools + local/synthetic boundary,Owned disposable fixture cisme_test_25dca6471259d717307ed30c; schema 89; no production data,screenshots/raw/pages__order-detail__index.png,local-worktree:61f895e79ebd+b6073d63231f,WeChat DevTools simulator,AppID wx4eac2d4fb11d299b; base library 3.15.2; wechatide 0.3.9,2026-09-24T09:47:23.228Z,HEALTHY_RUNTIME_FRAME_CAPTURED_REVIEW_OPEN,API/session/runtime health passed; visual interaction and physical-device matrices remain open
pages/settings/index,,设置与许可,基础与其他现有页面,authenticated user or member,authenticated synthetic member state,native WeChat DevTools + local/synthetic boundary,Owned disposable fixture cisme_test_25dca6471259d717307ed30c; schema 89; no production data,screenshots/raw/pages__settings__index.png,local-worktree:61f895e79ebd+b6073d63231f,WeChat DevTools simulator,AppID wx4eac2d4fb11d299b; base library 3.15.2; wechatide 0.3.9,2026-09-24T09:47:34.013Z,HEALTHY_RUNTIME_FRAME_CAPTURED_REVIEW_OPEN,API/session/runtime health passed; visual interaction and physical-device matrices remain open
pages/invite/index,,邀请与分享,基础与其他现有页面,authenticated user or member,authenticated synthetic member state,native WeChat DevTools + local/synthetic boundary,Owned disposable fixture cisme_test_25dca6471259d717307ed30c; schema 89; no production data,screenshots/raw/pages__invite__index.png,local-worktree:61f895e79ebd+b6073d63231f,WeChat DevTools simulator,AppID wx4eac2d4fb11d299b; base library 3.15.2; wechatide 0.3.9,2026-09-24T09:47:44.746Z,HEALTHY_RUNTIME_FRAME_CAPTURED_REVIEW_OPEN,API/session/runtime health passed; visual interaction and physical-device matrices remain open
pages/legal/index,type=privacy,,基础与其他现有页面,guest or authenticated user,route-specific synthetic success state,native WeChat DevTools + local/synthetic boundary,Owned disposable fixture cisme_test_25dca6471259d717307ed30c; schema 89; no production data,screenshots/raw/pages__legal__index.png,local-worktree:61f895e79ebd+b6073d63231f,WeChat DevTools simulator,AppID wx4eac2d4fb11d299b; base library 3.15.2; wechatide 0.3.9,2026-09-24T09:47:55.447Z,HEALTHY_RUNTIME_FRAME_CAPTURED_REVIEW_OPEN,API/session/runtime health passed; visual interaction and physical-device matrices remain open
pages/privacy-rights/index,,,基础与其他现有页面,authenticated user or member,healthy public synthetic/default state,native WeChat DevTools + local/synthetic boundary,Owned disposable fixture cisme_test_25dca6471259d717307ed30c; schema 89; no production data,screenshots/raw/pages__privacy-rights__index.png,local-worktree:61f895e79ebd+b6073d63231f,WeChat DevTools simulator,AppID wx4eac2d4fb11d299b; base library 3.15.2; wechatide 0.3.9,2026-09-24T09:48:05.930Z,HEALTHY_RUNTIME_FRAME_CAPTURED_REVIEW_OPEN,API/session/runtime health passed; visual interaction and physical-device matrices remain open
pages/support/index,,,客服用户端,authenticated user or member,authenticated synthetic member state,native WeChat DevTools + local/synthetic boundary,Owned disposable fixture cisme_test_25dca6471259d717307ed30c; schema 89; no production data,screenshots/raw/pages__support__index.png,local-worktree:61f895e79ebd+b6073d63231f,WeChat DevTools simulator,AppID wx4eac2d4fb11d299b; base library 3.15.2; wechatide 0.3.9,2026-09-24T09:48:16.547Z,HEALTHY_RUNTIME_FRAME_CAPTURED_REVIEW_OPEN,API/session/runtime health passed; visual interaction and physical-device matrices remain open
pages/management/index,,,商品管理/管理入口,capability administrator,capability-authorized synthetic management state,native WeChat DevTools + local/synthetic boundary,Owned disposable fixture cisme_test_25dca6471259d717307ed30c; schema 89; no production data,screenshots/raw/pages__management__index.png,local-worktree:61f895e79ebd+b6073d63231f,WeChat DevTools simulator,AppID wx4eac2d4fb11d299b; base library 3.15.2; wechatide 0.3.9,2026-09-24T09:48:27.313Z,HEALTHY_RUNTIME_FRAME_CAPTURED_REVIEW_OPEN,API/session/runtime health passed; visual interaction and physical-device matrices remain open
pages/management-catalog/index,,,商品管理/管理入口,capability administrator,capability-authorized synthetic management state,native WeChat DevTools + local/synthetic boundary,Owned disposable fixture cisme_test_25dca6471259d717307ed30c; schema 89; no production data,screenshots/raw/pages__management-catalog__index.png,local-worktree:61f895e79ebd+b6073d63231f,WeChat DevTools simulator,AppID wx4eac2d4fb11d299b; base library 3.15.2; wechatide 0.3.9,2026-09-24T09:48:37.814Z,HEALTHY_RUNTIME_FRAME_CAPTURED_REVIEW_OPEN,API/session/runtime health passed; visual interaction and physical-device matrices remain open
pages/management-product/index,id=3ae3ebf6-166f-479e-8c37-be685148febc,,商品管理/管理入口,capability administrator,route-specific synthetic success state,native WeChat DevTools + local/synthetic boundary,Owned disposable fixture cisme_test_25dca6471259d717307ed30c; schema 89; no production data,screenshots/raw/pages__management-product__index.png,local-worktree:61f895e79ebd+b6073d63231f,WeChat DevTools simulator,AppID wx4eac2d4fb11d299b; base library 3.15.2; wechatide 0.3.9,2026-09-24T09:48:48.296Z,HEALTHY_RUNTIME_FRAME_CAPTURED_REVIEW_OPEN,API/session/runtime health passed; visual interaction and physical-device matrices remain open
pages/management-orders/index,,,订单管理,capability administrator,capability-authorized synthetic management state,native WeChat DevTools + local/synthetic boundary,Owned disposable fixture cisme_test_25dca6471259d717307ed30c; schema 89; no production data,screenshots/raw/pages__management-orders__index.png,local-worktree:61f895e79ebd+b6073d63231f,WeChat DevTools simulator,AppID wx4eac2d4fb11d299b; base library 3.15.2; wechatide 0.3.9,2026-09-24T09:48:58.945Z,HEALTHY_RUNTIME_FRAME_CAPTURED_REVIEW_OPEN,API/session/runtime health passed; visual interaction and physical-device matrices remain open
pages/management-order-detail/index,id=059e5cee-2156-474c-8e4d-1078f3f5ed9a,,订单管理,capability administrator,route-specific synthetic success state,native WeChat DevTools + local/synthetic boundary,Owned disposable fixture cisme_test_25dca6471259d717307ed30c; schema 89; no production data,screenshots/raw/pages__management-order-detail__index.png,local-worktree:61f895e79ebd+b6073d63231f,WeChat DevTools simulator,AppID wx4eac2d4fb11d299b; base library 3.15.2; wechatide 0.3.9,2026-09-24T09:49:09.447Z,HEALTHY_RUNTIME_FRAME_CAPTURED_REVIEW_OPEN,API/session/runtime health passed; visual interaction and physical-device matrices remain open
pages/management-support/index,,,客服管理端,capability administrator,capability-authorized synthetic management state,native WeChat DevTools + local/synthetic boundary,Owned disposable fixture cisme_test_25dca6471259d717307ed30c; schema 89; no production data,screenshots/raw/pages__management-support__index.png,local-worktree:61f895e79ebd+b6073d63231f,WeChat DevTools simulator,AppID wx4eac2d4fb11d299b; base library 3.15.2; wechatide 0.3.9,2026-09-24T09:49:19.948Z,HEALTHY_RUNTIME_FRAME_CAPTURED_REVIEW_OPEN,API/session/runtime health passed; visual interaction and physical-device matrices remain open
pages/management-support-chat/index,id=37a88655-8550-4534-816c-c3206b72d6a9,,客服管理端,capability administrator,route-specific synthetic success state,native WeChat DevTools + local/synthetic boundary,Owned disposable fixture cisme_test_25dca6471259d717307ed30c; schema 89; no production data,screenshots/raw/pages__management-support-chat__index.png,local-worktree:61f895e79ebd+b6073d63231f,WeChat DevTools simulator,AppID wx4eac2d4fb11d299b; base library 3.15.2; wechatide 0.3.9,2026-09-24T09:49:30.563Z,HEALTHY_RUNTIME_FRAME_CAPTURED_REVIEW_OPEN,API/session/runtime health passed; visual interaction and physical-device matrices remain open
pages/management-members/index,,,商品管理/管理入口,capability administrator,capability-authorized synthetic management state,native WeChat DevTools + local/synthetic boundary,Owned disposable fixture cisme_test_25dca6471259d717307ed30c; schema 89; no production data,screenshots/raw/pages__management-members__index.png,local-worktree:61f895e79ebd+b6073d63231f,WeChat DevTools simulator,AppID wx4eac2d4fb11d299b; base library 3.15.2; wechatide 0.3.9,2026-09-24T09:49:41.264Z,HEALTHY_RUNTIME_FRAME_CAPTURED_REVIEW_OPEN,API/session/runtime health passed; visual interaction and physical-device matrices remain open
pages/management-member/index,id=fda89722-db91-4a9e-9128-960f3595aa7c,,商品管理/管理入口,capability administrator,route-specific synthetic success state,native WeChat DevTools + local/synthetic boundary,Owned disposable fixture cisme_test_25dca6471259d717307ed30c; schema 89; no production data,screenshots/raw/pages__management-member__index.png,local-worktree:61f895e79ebd+b6073d63231f,WeChat DevTools simulator,AppID wx4eac2d4fb11d299b; base library 3.15.2; wechatide 0.3.9,2026-09-24T09:49:51.813Z,HEALTHY_RUNTIME_FRAME_CAPTURED_REVIEW_OPEN,API/session/runtime health passed; visual interaction and physical-device matrices remain open
pages/referral/index,,,基础与其他现有页面,authenticated user or member,healthy public synthetic/default state,native WeChat DevTools + local/synthetic boundary,Owned disposable fixture cisme_test_25dca6471259d717307ed30c; schema 89; no production data,screenshots/raw/pages__referral__index.png,local-worktree:61f895e79ebd+b6073d63231f,WeChat DevTools simulator,AppID wx4eac2d4fb11d299b; base library 3.15.2; wechatide 0.3.9,2026-09-24T09:50:02.398Z,HEALTHY_RUNTIME_FRAME_CAPTURED_REVIEW_OPEN,API/session/runtime health passed; visual interaction and physical-device matrices remain open
pages/community-compose/index,,创作护理故事,基础与其他现有页面,authenticated user or member,healthy public synthetic/default state,native WeChat DevTools + local/synthetic boundary,Owned disposable fixture cisme_test_25dca6471259d717307ed30c; schema 89; no production data,screenshots/raw/pages__community-compose__index.png,local-worktree:61f895e79ebd+b6073d63231f,WeChat DevTools simulator,AppID wx4eac2d4fb11d299b; base library 3.15.2; wechatide 0.3.9,2026-09-24T09:50:12.965Z,HEALTHY_RUNTIME_FRAME_CAPTURED_REVIEW_OPEN,API/session/runtime health passed; visual interaction and physical-device matrices remain open
pages/community-post/index,id=4e82b8d8-37b4-4a9b-b4b0-19005d2b2af5,护理故事,基础与其他现有页面,authenticated user or member,route-specific synthetic success state,native WeChat DevTools + local/synthetic boundary,Owned disposable fixture cisme_test_25dca6471259d717307ed30c; schema 89; no production data,screenshots/raw/pages__community-post__index.png,local-worktree:61f895e79ebd+b6073d63231f,WeChat DevTools simulator,AppID wx4eac2d4fb11d299b; base library 3.15.2; wechatide 0.3.9,2026-09-24T09:50:23.531Z,HEALTHY_RUNTIME_FRAME_CAPTURED_REVIEW_OPEN,API/session/runtime health passed; visual interaction and physical-device matrices remain open
pages/community-author/index,id=c6f13620-a0fb-4ad8-beca-839c41e47199,,基础与其他现有页面,authenticated user or member,route-specific synthetic success state,native WeChat DevTools + local/synthetic boundary,Owned disposable fixture cisme_test_25dca6471259d717307ed30c; schema 89; no production data,screenshots/raw/pages__community-author__index.png,local-worktree:61f895e79ebd+b6073d63231f,WeChat DevTools simulator,AppID wx4eac2d4fb11d299b; base library 3.15.2; wechatide 0.3.9,2026-09-24T09:50:34.030Z,HEALTHY_RUNTIME_FRAME_CAPTURED_REVIEW_OPEN,API/session/runtime health passed; visual interaction and physical-device matrices remain open
pages/community-review/index,id=8118fa1e-ea79-47be-926a-f4018d900c09,社区内容审核,基础与其他现有页面,authenticated user or member,route-specific synthetic success state,native WeChat DevTools + local/synthetic boundary,Owned disposable fixture cisme_test_25dca6471259d717307ed30c; schema 89; no production data,screenshots/raw/pages__community-review__index.png,local-worktree:61f895e79ebd+b6073d63231f,WeChat DevTools simulator,AppID wx4eac2d4fb11d299b; base library 3.15.2; wechatide 0.3.9,2026-09-24T09:50:44.865Z,HEALTHY_RUNTIME_FRAME_CAPTURED_REVIEW_OPEN,API/session/runtime health passed; visual interaction and physical-device matrices remain open
pages/community-activity/index,,我的社区,基础与其他现有页面,authenticated user or member,healthy public synthetic/default state,native WeChat DevTools + local/synthetic boundary,Owned disposable fixture cisme_test_25dca6471259d717307ed30c; schema 89; no production data,screenshots/raw/pages__community-activity__index.png,local-worktree:61f895e79ebd+b6073d63231f,WeChat DevTools simulator,AppID wx4eac2d4fb11d299b; base library 3.15.2; wechatide 0.3.9,2026-09-24T09:50:55.431Z,HEALTHY_RUNTIME_FRAME_CAPTURED_REVIEW_OPEN,API/session/runtime health passed; visual interaction and physical-device matrices remain open
pages/management-finance/index,,,商品管理/管理入口,capability administrator,capability-authorized synthetic management state,native WeChat DevTools + local/synthetic boundary,Owned disposable fixture cisme_test_25dca6471259d717307ed30c; schema 89; no production data,screenshots/raw/pages__management-finance__index.png,local-worktree:61f895e79ebd+b6073d63231f,WeChat DevTools simulator,AppID wx4eac2d4fb11d299b; base library 3.15.2; wechatide 0.3.9,2026-09-24T09:51:06.299Z,HEALTHY_RUNTIME_FRAME_CAPTURED_REVIEW_OPEN,API/session/runtime health passed; visual interaction and physical-device matrices remain open
pages/commission/index,,,基础与其他现有页面,authenticated user or member,healthy public synthetic/default state,native WeChat DevTools + local/synthetic boundary,Owned disposable fixture cisme_test_25dca6471259d717307ed30c; schema 89; no production data,screenshots/raw/pages__commission__index.png,local-worktree:61f895e79ebd+b6073d63231f,WeChat DevTools simulator,AppID wx4eac2d4fb11d299b; base library 3.15.2; wechatide 0.3.9,2026-09-24T09:51:21.147Z,HEALTHY_RUNTIME_FRAME_CAPTURED_REVIEW_OPEN,API/session/runtime health passed; visual interaction and physical-device matrices remain open
pages/management-privacy/index,,,商品管理/管理入口,capability administrator,capability-authorized synthetic management state,native WeChat DevTools + local/synthetic boundary,Owned disposable fixture cisme_test_25dca6471259d717307ed30c; schema 89; no production data,screenshots/raw/pages__management-privacy__index.png,local-worktree:61f895e79ebd+b6073d63231f,WeChat DevTools simulator,AppID wx4eac2d4fb11d299b; base library 3.15.2; wechatide 0.3.9,2026-09-24T09:51:31.949Z,HEALTHY_RUNTIME_FRAME_CAPTURED_REVIEW_OPEN,API/session/runtime health passed; visual interaction and physical-device matrices remain open
pages/aftersale/index,orderId=059e5cee-2156-474c-8e4d-1078f3f5ed9a,,基础与其他现有页面,authenticated user or member,route-specific synthetic success state,native WeChat DevTools + local/synthetic boundary,Owned disposable fixture cisme_test_25dca6471259d717307ed30c; schema 89; no production data,screenshots/raw/pages__aftersale__index.png,local-worktree:61f895e79ebd+b6073d63231f,WeChat DevTools simulator,AppID wx4eac2d4fb11d299b; base library 3.15.2; wechatide 0.3.9,2026-09-24T09:51:42.432Z,HEALTHY_RUNTIME_FRAME_CAPTURED_REVIEW_OPEN,API/session/runtime health passed; visual interaction and physical-device matrices remain open
pages/management-fulfillment/index,,,商品管理/管理入口,capability administrator,capability-authorized synthetic management state,native WeChat DevTools + local/synthetic boundary,Owned disposable fixture cisme_test_25dca6471259d717307ed30c; schema 89; no production data,screenshots/raw/pages__management-fulfillment__index.png,local-worktree:61f895e79ebd+b6073d63231f,WeChat DevTools simulator,AppID wx4eac2d4fb11d299b; base library 3.15.2; wechatide 0.3.9,2026-09-24T09:51:54.415Z,HEALTHY_RUNTIME_FRAME_CAPTURED_REVIEW_OPEN,API/session/runtime health passed; visual interaction and physical-device matrices remain open
